Area,RMSE,Model Equation,2024,2025,2026,2027
Afghanistan,7.1375,y(t) = - 0.354·y(t-1) + 0.176·ε(t-1) + ε(t),115.05063429244782,115.40465893244732,115.27924593820545,115.32367340835198
Albania,3.5335,y(t) =  0.940·y(t-1) - 0.773·ε(t-1) + ε(t),98.76026837830425,98.2248259700068,97.72160908387009,97.24867823160845
Algeria,4.8816,y(t) = - 0.986·y(t-1) - 0.234·y(t-2) - 0.032·ε(t-1) - 0.766·ε(t-2) + ε(t),117.65922599248591,121.29377647464251,123.19570771073282,126.19856331104131
Angola,4.8414,y(t) = - 0.630·y(t-1) - 0.782·ε(t-1) + ε(t),133.27886792937278,138.9581314496786,142.42547878336012,147.2865645405081
Antigua and Barbuda,16.8986,y(t) = 120.202 + 0.808·y(t-1) + 0.025·ε(t-1) + ε(t),89.09576696915484,95.08228154619371,99.9166549239621,103.82062369492529
Argentina,6.2859,y(t) = - 0.301·y(t-1) - 0.057·ε(t-1) + ε(t),97.5254685489519,95.45472858809855,96.07838993640456,95.89055685029818
Armenia,10.3619,y(t) =  0.490·y(t-1) - 0.297·ε(t-1) + ε(t),80.73886928676767,80.55204400984616,80.46046470939885,80.41557373742432
Australia,7.1963,y(t) = - 0.715·y(t-1) + 0.506·ε(t-1) + ε(t),121.79634056053081,124.10698162269559,122.45589182239232,123.63569320881426
Austria,10.4366,y(t) = - 0.202·y(t-1) - 0.365·ε(t-1) + ε(t),98.77305510375201,98.24659800667843,98.35307177077956,98.33153789365096
Azerbaijan,7.7764,y(t) =  1.000·y(t-1) - 0.998·ε(t-1) + ε(t),133.00695372440015,136.04390003295467,139.0808389256817,142.1177704025993
Bahamas,5.6401,y(t) = - 0.795·y(t-1) + 1.000·ε(t-1) + ε(t),97.99902553909206,98.54807411354963,98.11179990347566,98.45846355989933
Bahrain,6.9926,y(t) =  0.749·y(t-1) - 0.515·ε(t-1) + ε(t),126.19897790094589,125.80872347986802,125.51641627553386,125.2974732038073
Bangladesh,4.0663,y(t) = - 0.396·y(t-1) - 0.195·y(t-2) - 0.714·ε(t-1) - 0.079·ε(t-2) + ε(t),134.26388439746137,137.9935251364571,141.77685005347507,145.54559457120936
Barbados,20.9731,y(t) =  0.450·y(t-1) - 0.781·ε(t-1) + ε(t),98.4228832512791,98.67195007505255,98.78415148929521,98.83469678941717
Belarus,15.4648,y(t) = - 1.000·y(t-1) + 0.997·ε(t-1) + ε(t),105.52117455741516,103.79004065908408,105.52113389928601,103.79008131625832
Belgium,2.9666,y(t) = 97.363 + 0.800·y(t-1) - 0.380·ε(t-1) + ε(t),98.4166853185436,98.20638898316153,98.03805433278117,97.9033085015369
Belize,5.1104,y(t) =  0.357·y(t-1) - 0.768·y(t-2) - 0.667·ε(t-1) + 0.868·ε(t-2) + ε(t),93.7877638660327,96.52367777067803,93.81623258755448,90.74844147381577
Benin,3.7504,y(t) =  0.664·y(t-1) - 0.007·y(t-2) - 1.962·ε(t-1) + 0.999·ε(t-2) + ε(t),136.4016133746913,139.41252623436176,142.95107530951248,146.83468367829866
Bhutan,9.3102,y(t) = - 0.359·y(t-1) + 0.563·ε(t-1) + ε(t),77.3408265352807,76.8386043391566,77.01866027608185,76.9541068957808
Bolivia (Plurinational State of),2.7230,y(t) = - 0.005·y(t-1) + 0.343·y(t-2) + 0.339·y(t-3) - 1.228·ε(t-1) - 0.263·ε(t-2) + 0.545·ε(t-3) + ε(t),126.61081071489389,128.09836409476983,132.6276884171548,135.5274487170543
Bosnia and Herzegovina,14.2576,y(t) = - 0.518·y(t-1) - 0.078·ε(t-1) + ε(t),110.30107363239357,108.42121571920957,109.39444461278919,108.89059032004963
Botswana,8.1945,y(t) = - 0.381·y(t-1) + 0.085·ε(t-1) + ε(t),124.73536263998169,123.08067974170358,123.71077111052557,123.47083684065602
Brazil,2.6486,y(t) = - 0.823·y(t-1) + 0.078·y(t-2) - 0.098·y(t-3) - 0.759·ε(t-1) - 0.751·ε(t-2) + 0.997·ε(t-3) + ε(t),123.28438086551357,125.95916266186862,129.68103593388875,134.2214165791357
Brunei Darussalam,6.0050,y(t) = - 0.489·y(t-1) + 0.444·ε(t-1) + ε(t),114.79484820688675,114.73385619131358,114.7636525821184,114.74909617015774
Bulgaria,11.5259,y(t) = 112.937 + 0.137·y(t-1) + 0.852·y(t-2) - 0.146·y(t-3) + 0.531·ε(t-1) - 0.124·ε(t-2) + 0.338·ε(t-3) + ε(t),102.39026081762032,99.61326033831483,102.46857832513662,101.68584100119337
Burkina Faso,3.9896,y(t) =  0.325·y(t-1) - 0.070·y(t-2) - 1.832·ε(t-1) + 0.970·ε(t-2) + ε(t),122.57273025584512,123.78705634721956,124.76053895596691,125.72113372013789
Burundi,9.9998,y(t) = - 0.470·y(t-1) + 0.054·ε(t-1) + ε(t),149.8011657173411,148.9020286743104,149.32504140147188,149.1260286161267
Cabo Verde,7.6015,y(t) =  0.228·y(t-1) - 0.094·ε(t-1) + ε(t),71.25338286524496,71.1423873499276,71.11706969557339,71.1112948350291
Cambodia,4.6243,y(t) =  0.029·y(t-1) + 0.157·y(t-2) - 1.126·ε(t-1) + 0.233·ε(t-2) + ε(t),125.67011742333214,129.74486039200076,132.87118431414433,136.33105848268147
Cameroon,2.8743,y(t) = - 0.093·y(t-1) - 0.701·ε(t-1) + ε(t),109.7212228143599,110.97108194002551,112.22853963832813,113.48528770427451
Canada,6.2293,y(t) =  0.093·y(t-1) - 0.383·ε(t-1) + ε(t),107.7196392505255,107.73263969052289,107.73385003388616,107.73396271707668
Central African Republic,5.3421,y(t) =  0.022·y(t-1) - 0.910·ε(t-1) + ε(t),155.7296820892006,160.17886834240727,164.628699559121,169.07854487479125
Chad,4.7963,y(t) = - 1.656·y(t-1) - 0.691·y(t-2) + 0.170·ε(t-1) - 0.830·ε(t-2) + ε(t),136.8579770462754,143.06638832824981,144.4421641607997,151.6036284138307
Chile,4.1778,y(t) = - 0.763·y(t-1) - 1.051·y(t-2) - 0.729·y(t-3) - 0.231·y(t-4) - 0.286·ε(t-1) + 0.371·ε(t-2) - 0.116·ε(t-3) - 0.635·ε(t-4) + ε(t),108.37916942375857,110.12231729235799,110.24300752567633,111.24048987645465
China,1.8182,y(t) = - 0.291·y(t-1) - 0.833·y(t-2) + 0.164·y(t-3) - 0.450·ε(t-1) + 0.689·ε(t-2) - 0.784·ε(t-3) + ε(t),117.77359280576248,120.24140213519648,122.0792556802392,124.58615911036817
"China, Hong Kong SAR",29.1925,y(t) =  0.381·y(t-1) - 0.562·ε(t-1) + ε(t),161.4851229280078,162.16066749251345,162.41775417165704,162.51559162615783
"China, Macao SAR",12.5643,y(t) =  0.001·y(t-1) - 0.506·ε(t-1) + ε(t),76.10437892101702,76.1072928343488,76.1072971132145,76.1072971194977
"China, Taiwan Province of",7.5361,y(t) = - 1.184·y(t-1) - 1.100·y(t-2) - 0.094·y(t-3) + 0.232·ε(t-1) + 0.019·ε(t-2) - 0.873·ε(t-3) + ε(t),96.25291691329032,95.28682232451858,96.10339086444273,94.08991866891692
"China, mainland",1.7871,y(t) = - 0.301·y(t-1) - 0.844·y(t-2) + 0.158·y(t-3) - 0.438·ε(t-1) + 0.683·ε(t-2) - 0.779·ε(t-3) + ε(t),117.9125335606938,120.43247446219321,122.30576454259311,124.82096405364204
Colombia,3.8804,y(t) =  1.000·y(t-1) - 0.998·ε(t-1) + ε(t),114.10789130908235,115.45577482179752,116.80365053819064,118.15151845830678
Comoros,5.2299,y(t) =  0.501·y(t-1) - 0.202·ε(t-1) + ε(t),106.27343623487761,106.22000092702525,106.19320633955927,106.17977046829124
Congo,4.1518,y(t) = - 0.034·y(t-1) - 0.794·ε(t-1) + ε(t),106.5202377205017,107.49777366728769,108.47540058850771,109.45302444642617
Cook Islands,46.4372,y(t) =  0.208·y(t-1) - 0.232·ε(t-1) + ε(t),86.04035215167046,86.05081215223314,86.05298508046245,86.05343647786549
Costa Rica,3.4065,y(t) =  1.000·y(t-1) - 0.999·ε(t-1) + ε(t),102.37758678836335,103.6751678640156,104.97274322698192,106.27031287728745
Croatia,15.5652,y(t) =  0.091·y(t-1) - 0.550·ε(t-1) + ε(t),91.37973421723194,91.73154780789922,91.76353264086967,91.76644051471902
Cuba,10.4224,y(t) = 97.487 + 0.835·y(t-1) + 0.058·ε(t-1) + ε(t),77.01488060504728,80.39311308759814,83.21388979987411,85.56919876739384
Cyprus,12.8792,y(t) = - 0.073·y(t-1) - 0.086·ε(t-1) + ε(t),107.54589300731806,107.52644987649713,107.52787163384205,107.52776766941541
Czechia,23.2320,y(t) = - 0.917·y(t-1) - 0.369·y(t-2) + 0.589·ε(t-1) - 0.333·ε(t-2) + ε(t),97.16756785071358,98.26055991309619,97.72408954011988,97.81287103300703
Côte d'Ivoire,3.6598,y(t) =  0.995·y(t-1) - 0.930·ε(t-1) + ε(t),131.21977297129703,133.8361506160636,136.4392011663391,139.02899250660795
Democratic People's Republic of Korea,7.2012,y(t) =  0.571·y(t-1) - 0.686·y(t-2) - 0.433·ε(t-1) + 0.916·ε(t-2) + ε(t),91.24280755481006,92.02796626196626,92.24160045193241,91.8253836037689
Democratic Republic of the Congo,5.5396,y(t) =  0.873·y(t-1) - 0.703·ε(t-1) + ε(t),120.74684576413345,122.0629201885802,123.21237551566793,124.21630623905831
Denmark,8.7440,y(t) = - 0.354·y(t-1) - 0.045·ε(t-1) + ε(t),96.54909833117547,94.84760195869849,95.44960460164397,95.23661138697977
Djibouti,8.7720,y(t) =  0.486·y(t-1) - 0.605·ε(t-1) + ε(t),137.83028397447103,137.60182445743885,137.49070678615269,137.4366616011131
Dominica,10.0563,y(t) =  0.854·y(t-1) - 0.921·ε(t-1) + ε(t),101.27412060366284,100.91913127017779,100.61611691554025,100.3574677380706
Dominican Republic,5.4505,y(t) =  0.988·y(t-1) - 0.830·ε(t-1) + ε(t),156.41316581372027,162.8374781627386,169.18389317658844,175.45335539135345
Ecuador,5.4863,y(t) = - 0.726·y(t-1) + 0.412·ε(t-1) + ε(t),107.08461049804166,108.84435624992108,107.56756952813586,108.49394444973234
Egypt,2.9684,y(t) = - 0.964·y(t-1) - 0.211·y(t-2) + 0.119·ε(t-1) - 0.881·ε(t-2) + ε(t),117.22628899435236,117.90305906233155,120.95098920510905,122.31544299367485
El Salvador,6.7011,y(t) = - 0.763·y(t-1) + 0.656·ε(t-1) + ε(t),101.76218366512613,102.13461733990778,101.85027499178362,102.067362157664
Equatorial Guinea,6.6748,y(t) = 85.707 + 0.946·y(t-1) - 0.029·ε(t-1) + ε(t),102.8686333189007,101.93598265602546,101.05401698245369,100.21998181760335
Eritrea,14.2781,y(t) =  0.165·y(t-1) - 0.638·ε(t-1) + ε(t),105.43958453199667,105.32929983176513,105.31115777555425,105.30817337061985
Estonia,7.6558,y(t) = 92.838 - 0.628·y(t-1) + 0.382·y(t-2) + 0.621·y(t-3) + 1.550·ε(t-1) + 1.502·ε(t-2) + 0.467·ε(t-3) + ε(t),105.49081318548328,99.26433829923484,96.15501295165849,101.06528506053569
Eswatini,4.5631,y(t) =  0.995·y(t-1) - 0.958·ε(t-1) + ε(t),101.27441717609064,101.99505637974177,102.71193731379344,103.42507957833168
Ethiopia,7.0312,y(t) = - 0.917·y(t-1) - 0.567·y(t-2) + 0.062·ε(t-1) - 0.579·ε(t-2) + ε(t),113.20050542431292,116.91233248577907,119.02130422822012,117.94786388025875
Faroe Islands,8.0907,y(t) = - 0.930·y(t-1) + 0.951·ε(t-1) + ε(t),107.25458674815876,107.8086045093078,107.29310426016245,107.77276488750005
Fiji,17.6635,y(t) = - 0.008·y(t-1) - 0.464·ε(t-1) + ε(t),139.30611824888794,139.3893135779337,139.38865713442092,139.38866231401562
Finland,4.4981,y(t) = 97.763 + 0.701·y(t-1) - 0.175·ε(t-1) + ε(t),94.48971004202885,95.47000243597205,96.15669761232881,96.63772783162375
France,9.4899,y(t) = - 0.191·y(t-1) - 0.306·ε(t-1) + ε(t),95.24772247426048,95.28063993532724,95.274350320716,95.27555209177233
French Polynesia,16.1963,y(t) =  0.379·y(t-1) - 0.843·ε(t-1) + ε(t),99.97247198971522,100.58801861470481,100.82154970179776,100.91014862578625
Gabon,4.2818,y(t) =  1.000·y(t-1) - 0.998·ε(t-1) + ε(t),106.14049728644784,107.29099150004937,108.4414826408128,109.5919707087463
Gambia,15.7898,y(t) =  0.162·y(t-1) - 0.538·ε(t-1) + ε(t),70.46635361420925,70.13116302990413,70.07698179216915,70.06822377013646
Georgia,27.8979,y(t) = - 0.839·y(t-1) + 0.372·ε(t-1) + ε(t),110.1104075596682,108.75954792008548,109.89269074153965,108.9421755168715
Germany,3.8702,y(t) = 90.011 + 0.898·y(t-1) + 0.067·ε(t-1) + ε(t),92.50131918499797,92.24797252589966,92.0203952489735,91.81596619844858
Ghana,3.5655,y(t) = - 1.908·y(t-1) - 1.952·y(t-2) - 1.092·y(t-3) - 0.385·y(t-4) + 0.845·ε(t-1) + 0.038·ε(t-2) - 0.782·ε(t-3) - 0.250·ε(t-4) + ε(t),136.112909143958,139.79838390789104,142.8377027981111,146.1196942516474
Greece,8.7167,y(t) = - 0.028·y(t-1) - 0.338·ε(t-1) + ε(t),97.56921601402134,97.50001655360052,97.50197169569297,97.50191645565818
Grenada,13.6492,y(t) = - 0.378·y(t-1) + 0.176·ε(t-1) + ε(t),90.14062181048912,89.57406993406026,89.78796861688724,89.70721229355898
Guatemala,2.3377,y(t) = - 0.400·y(t-1) + 0.125·y(t-2) - 0.808·y(t-3) - 0.461·y(t-4) - 0.574·ε(t-1) - 0.156·ε(t-2) + 0.710·ε(t-3) - 0.514·ε(t-4) + ε(t),112.41066028669813,114.09186329095417,116.37783242558383,119.8879738613486
Guinea,3.4226,y(t) = - 0.803·y(t-1) - 1.032·y(t-2) - 0.323·y(t-3) - 0.554·y(t-4) + 0.178·ε(t-1) + 0.717·ε(t-2) - 0.156·ε(t-3) + 0.660·ε(t-4) + ε(t),169.9409340257635,178.97596185704256,187.12258574559186,196.09549983366324
Guinea-Bissau,5.8973,y(t) = - 0.305·y(t-1) + 0.066·y(t-2) - 0.782·ε(t-1) - 0.077·ε(t-2) + ε(t),126.88597986598882,129.64015105024862,132.29714849556558,135.00138846370515
Guyana,7.3930,y(t) =  0.986·y(t-1) - 0.958·ε(t-1) + ε(t),117.67227592363095,118.94610208240763,120.20174188278757,121.43945497058621
Haiti,6.4043,y(t) =  0.813·y(t-1) - 0.534·ε(t-1) + ε(t),73.84461963285054,73.06782109530131,72.43622347336252,71.92268548795731
Honduras,4.9994,y(t) =  0.177·y(t-1) + 0.025·ε(t-1) + ε(t),111.72788171790097,111.88517655930993,111.91304250883343,111.91797916877657
Hungary,8.4134,y(t) = 99.362 + 1.942·y(t-1) - 0.959·y(t-2) - 1.434·ε(t-1) + 0.434·ε(t-2) + ε(t),90.54657463838514,91.76013041313709,93.04609190156067,94.38069527346514
Iceland,3.1674,y(t) = 85.565 + 0.761·y(t-1) + 0.172·y(t-2) + 0.440·ε(t-1) + 0.204·ε(t-2) + ε(t),101.44764071064455,100.71666170352485,99.82430308101156,99.0196613939888
India,3.5127,y(t) =  0.994·y(t-1) - 0.865·ε(t-1) + ε(t),139.39329225712518,143.1237004594008,146.83136413232347,150.51642195069434
Indonesia,3.4621,y(t) =  0.999·y(t-1) - 0.976·ε(t-1) + ε(t),121.52126723927485,123.15148016656369,124.78063946328383,126.40874581041221
Iran (Islamic Republic of),5.0223,y(t) = - 0.235·y(t-1) + 0.052·ε(t-1) + ε(t),88.54948775343675,88.64346245244384,88.62141257973894,88.6265862795905
Iraq,13.4187,y(t) =  1.101·y(t-1) - 0.230·y(t-2) - 0.042·y(t-3) - 1.330·ε(t-1) - 0.200·ε(t-2) + 0.616·ε(t-3) + ε(t),112.6454543873052,110.23407671799725,110.43328794663009,111.1986752390233
Ireland,6.5503,y(t) =  1.000·y(t-1) - 0.999·ε(t-1) + ε(t),116.77878614510834,117.76756568398469,118.75633861667316,119.74510494321791
Israel,3.6056,y(t) =  1.000·y(t-1) - 0.999·ε(t-1) + ε(t),108.50960036061558,109.82919805245044,111.14879307550997,112.46838542979958
Italy,11.6749,y(t) =  0.087·y(t-1) - 0.496·ε(t-1) + ε(t),95.44935509923583,95.62566735579888,95.6410613852225,95.64240545594404
Jamaica,9.4538,y(t) = - 0.127·y(t-1) - 0.109·ε(t-1) + ε(t),110.34217928108659,110.28745306124944,110.2943829611052,110.29350543818924
Japan,10.1087,y(t) = - 1.296·y(t-1) - 0.447·y(t-2) + 0.154·ε(t-1) - 0.846·ε(t-2) + ε(t),98.95839820630805,98.90397656044792,98.43157437870889,98.70772748538978
Jordan,6.4804,y(t) = - 0.155·y(t-1) - 0.645·y(t-2) - 0.423·y(t-3) - 1.199·ε(t-1) + 1.238·ε(t-2) - 0.903·ε(t-3) + ε(t),114.97344787530815,117.56298126074542,121.29776034999249,122.7205469479499
Kazakhstan,17.7114,y(t) = - 0.730·y(t-1) + 0.256·ε(t-1) + ε(t),106.52508588723653,102.43992957313746,105.42263662124431,103.24486405863229
Kenya,4.4728,y(t) =  0.081·y(t-1) + 0.304·y(t-2) + 0.070·y(t-3) - 1.324·ε(t-1) - 0.285·ε(t-2) + 0.650·ε(t-3) + ε(t),124.54745801473047,125.96760968913203,128.00764853172828,129.70710455962097
Kiribati,8.6698,y(t) =  0.525·y(t-1) - 0.681·ε(t-1) + ε(t),100.33381467193219,100.09447097932191,99.96889613140877,99.90301161923955
Kuwait,5.8829,y(t) =  0.985·y(t-1) - 0.941·ε(t-1) + ε(t),120.03008727545388,122.11927414791938,124.17801099267865,126.20674162076627
Kyrgyzstan,13.9438,y(t) =  1.000·y(t-1) - 0.998·ε(t-1) + ε(t),115.70910400140733,117.27819877056953,118.84728430754095,120.4163606123759
Lao People's Democratic Republic,3.0359,y(t) = - 0.198·y(t-1) - 0.051·y(t-2) - 0.251·ε(t-1) - 0.563·ε(t-2) + ε(t),129.30794082943777,133.2900783846917,137.663069263649,141.9971108596305
Latvia,11.6103,y(t) = 85.746 + 1.897·y(t-1) - 0.948·y(t-2) - 1.210·ε(t-1) + 0.210·ε(t-2) + ε(t),93.3877143069835,89.71944490406092,86.03892492089886,82.53390949928176
Lebanon,6.2672,y(t) = - 1.000·y(t-1) + 0.999·ε(t-1) + ε(t),101.12490063701516,99.84001578509971,101.12488485210937,99.84003156981157
Lesotho,13.0534,y(t) =  0.390·y(t-1) - 0.836·ε(t-1) + ε(t),101.74664910631486,100.72010550085429,100.31993407803364,100.16393761885698
Liberia,6.3947,y(t) =  0.834·y(t-1) - 0.778·ε(t-1) + ε(t),100.68983608458132,100.78978208462172,100.87313930510314,100.942661108913
Libya,4.5378,y(t) = - 0.174·y(t-1) + 0.147·ε(t-1) + ε(t),106.02602588726498,106.0249777803568,106.02516008182424,106.02512837339377
Lithuania,8.3780,y(t) = 88.309 + 0.732·y(t-1) - 0.084·ε(t-1) + ε(t),94.96656827232944,93.17937841583284,91.87192015585224,90.9154201536966
Luxembourg,3.9288,y(t) = 99.927 + 0.962·y(t-1) + 0.012·ε(t-1) + ε(t),113.31328456438533,112.80396636475896,112.31402667571972,111.84272818477245
Madagascar,6.7307,y(t) = - 0.783·y(t-1) + 0.669·ε(t-1) + ε(t),111.93233570596968,112.1889860131522,111.98795898220331,112.14541785149423
Malawi,3.9944,y(t) =  0.375·y(t-1) + 0.299·y(t-2) + 0.290·y(t-3) - 0.212·ε(t-1) - 0.720·ε(t-2) + 0.272·ε(t-3) + ε(t),151.84414889986078,158.31794294091165,161.7119237734656,166.5434556155769
Malaysia,2.9595,y(t) =  0.821·y(t-1) - 0.390·ε(t-1) + ε(t),102.74540984807724,102.65953541615328,102.58902764919151,102.5311367835339
Maldives,12.5339,y(t) = 118.636 + 0.888·y(t-1) + 0.087·ε(t-1) + ε(t),100.56112472057109,102.58059487905274,104.37443008134258,105.96784047141915
Mali,4.6298,y(t) = - 0.358·y(t-1) - 0.852·ε(t-1) + ε(t),144.20580500835646,148.10200769260436,152.3992300696348,156.55281502243298
Malta,9.4375,y(t) =  0.219·y(t-1) + 0.532·y(t-2) - 0.408·ε(t-1) - 0.190·ε(t-2) + ε(t),74.34726513159828,73.53046331906363,73.09480884546902,72.56479702106573
Marshall Islands,31.1866,y(t) = 120.134 + 1.395·y(t-1) - 0.526·y(t-2) - 0.695·ε(t-1) + 0.057·ε(t-2) + ε(t),160.2088152355887,144.89058730699642,133.56783557776083,125.83907749388132
Mauritania,4.8112,y(t) =  0.992·y(t-1) - 0.910·ε(t-1) + ε(t),122.33308668440007,124.50921079220791,126.66850352161403,128.81109505604772
Mauritius,12.2475,y(t) = - 0.865·y(t-1) - 0.864·y(t-2) - 1.079·y(t-3) - 0.365·y(t-4) + 0.160·ε(t-1) + 0.351·ε(t-2) + 0.576·ε(t-3) - 0.509·ε(t-4) + ε(t),92.04407074363317,84.2755396083545,87.14817077098438,86.611550015078
Mexico,2.7965,y(t) =  0.427·y(t-1) + 0.570·y(t-2) - 0.505·ε(t-1) - 0.399·ε(t-2) + ε(t),122.42209604058993,124.6585692996228,126.57926548008496,128.67547300600063
Micronesia (Federated States of),11.3346,y(t) =  1.000·y(t-1) - 0.999·ε(t-1) + ε(t),122.39321139359429,124.50639189677028,126.61954150997956,128.73266023367364
Mongolia,11.0151,y(t) = - 0.695·y(t-1) + 0.322·ε(t-1) + ε(t),156.8216940796066,149.97844213847856,154.73194917506964,151.43003521058154
Montenegro,14.7984,y(t) = 109.165 + 0.739·y(t-1) - 0.108·ε(t-1) + ε(t),101.66267428966881,103.6228269124529,105.07086780836052,106.14059187568478
Morocco,7.2693,y(t) = - 0.264·y(t-1) - 0.240·ε(t-1) + ε(t),102.47722998802149,100.93266276577776,101.33996927566531,101.2325614590241
Mozambique,8.6405,y(t) = - 0.308·y(t-1) + 0.566·ε(t-1) + ε(t),155.73598181987208,157.28925417948017,156.81093413047088,156.95822965650598
Myanmar,3.9501,y(t) =  0.204·y(t-1) - 0.837·ε(t-1) + ε(t),77.49115243850041,76.30018821213739,75.16995309179643,74.0520987389682
Namibia,8.1624,y(t) =  0.585·y(t-1) - 0.730·ε(t-1) + ε(t),111.66982405205633,110.5345762296062,109.8703129602137,109.4816351029757
Nauru,6.9937,y(t) =  0.280·y(t-1) - 0.443·ε(t-1) + ε(t),102.75424204330666,102.74424708320485,102.74145332101388,102.74067241672809
Nepal,3.5947,y(t) = - 0.872·y(t-1) - 0.499·y(t-2) - 0.435·y(t-3) + 0.280·y(t-4) + 0.204·y(t-5) - 0.460·ε(t-1) - 0.059·ε(t-2) - 0.134·ε(t-3) - 0.749·ε(t-4) + 0.715·ε(t-5) + ε(t),127.06009762846902,130.5751159363236,132.89295146815718,136.22736410064508
Netherlands (Kingdom of the),6.5571,y(t) = - 1.223·y(t-1) - 0.598·y(t-2) - 0.221·y(t-3) + 0.228·ε(t-1) - 0.654·ε(t-2) - 0.333·ε(t-3) + ε(t),98.22474667914835,99.61968397560783,99.24091587147153,99.64147090751413
New Caledonia,4.9086,y(t) = 85.897 + 0.881·y(t-1) - 0.199·ε(t-1) + ε(t),93.56498953364972,92.6503690798937,91.84484855324399,91.13541403733157
New Zealand,5.0547,y(t) = - 0.371·y(t-1) + 0.487·ε(t-1) + ε(t),102.1740171892826,102.07980876856224,102.11474824080696,102.10179009214673
Nicaragua,4.1225,y(t) =  0.969·y(t-1) - 0.857·ε(t-1) + ε(t),123.40872352877814,124.86113552670116,126.26866705016403,127.63270493498925
Niger,6.7080,y(t) = - 0.676·y(t-1) + 0.252·ε(t-1) + ε(t),133.7166210701039,129.50296725694963,132.34984191191626,130.42640546922846
Nigeria,3.9100,y(t) = - 0.920·y(t-1) + 0.736·ε(t-1) + ε(t),121.36691072006481,120.63382005546111,121.30820165053537,120.68782744890676
Niue,8.6912,y(t) =  0.393·y(t-1) - 0.577·ε(t-1) + ε(t),100.90871637558907,100.93176647092002,100.9408151713794,100.94436739009382
North Macedonia,16.6337,y(t) = - 0.235·y(t-1) - 0.458·ε(t-1) + ε(t),93.35547671772522,90.32619593436371,91.0389106761651,90.87122654930204
Norway,10.5350,y(t) = - 0.083·y(t-1) - 0.397·ε(t-1) + ε(t),98.33753295590674,98.03184919855673,98.05725823244656,98.0551461836782
Oman,7.1613,y(t) = - 0.661·y(t-1) + 0.486·ε(t-1) + ε(t),174.50594669532313,170.9103904424763,173.28863759830452,171.7155681936118
Pakistan,2.4774,y(t) = - 0.405·y(t-1) - 0.781·ε(t-1) + ε(t),132.5155416823043,136.7346455221641,140.34830679051535,144.20739521135607
Panama,5.0999,y(t) =  1.000·y(t-1) - 0.999·ε(t-1) + ε(t),114.20722518117839,115.384447378322,116.5616665914384,117.73888282053515
Papua New Guinea,4.3561,y(t) = - 1.535·y(t-1) - 1.187·y(t-2) - 0.224·y(t-3) + 0.373·ε(t-1) - 0.374·ε(t-2) - 0.999·ε(t-3) + ε(t),102.98868194172363,104.37792330804139,105.86771436915144,106.41571365823808
Paraguay,6.1669,y(t) = - 0.618·y(t-1) - 0.915·y(t-2) + 0.280·ε(t-1) + 0.566·ε(t-2) + ε(t),108.31009060565975,91.81366478658272,100.0573599255518,110.04924698632398
Peru,3.3173,y(t) = - 0.580·y(t-1) - 0.175·y(t-2) - 0.411·ε(t-1) - 0.309·ε(t-2) + ε(t),130.5894562170294,134.03165817552443,136.771960202402,140.01028455164118
Philippines,3.4358,y(t) =  1.000·y(t-1) - 0.998·ε(t-1) + ε(t),102.62621660998032,103.85242537270764,105.07862628823219,106.30481935660417
Poland,5.9954,y(t) = 101.156 + 0.903·y(t-1) - 0.351·ε(t-1) + ε(t),109.22732694967308,108.44172302756147,107.73258770996524,107.09247774550553
Portugal,11.2214,y(t) = - 0.296·y(t-1) - 0.439·ε(t-1) + ε(t),117.08253257412122,118.90452810873275,118.36539935683837,118.52492763536468
Puerto Rico,31.8114,y(t) =  1.000·y(t-1) - 0.999·ε(t-1) + ε(t),90.52357924355361,88.47717930433163,86.4308001821223,84.38444187671384
Qatar,8.8430,y(t) = - 0.428·y(t-1) + 0.095·ε(t-1) + ε(t),154.44750298000935,156.78044455386464,155.7822566837809,156.20934797279924
Republic of Korea,4.3021,y(t) = - 0.020·y(t-1) + 0.208·ε(t-1) + ε(t),101.08869976888975,101.08655284436207,101.08659524817742,101.08659441066146
Republic of Moldova,12.9875,y(t) = 97.684 + 0.686·y(t-1) - 0.487·ε(t-1) + ε(t),99.37578522973827,98.84379183035765,98.47907758677493,98.22904350810596
Romania,12.3881,y(t) = - 0.406·y(t-1) - 0.022·ε(t-1) + ε(t),87.95949969282108,88.66130395124907,88.37668729148633,88.49211355463832
Russian Federation,6.6839,y(t) = 102.325 + 0.949·y(t-1) - 0.099·ε(t-1) + ε(t),123.11919628377757,122.06686327831144,121.06778469247938,120.11926553030975
Rwanda,6.9824,y(t) = - 0.323·y(t-1) + 0.368·ε(t-1) + ε(t),120.81290124617666,120.76998947195429,120.78384502575749,120.77937127992264
Saint Kitts and Nevis,111.9790,y(t) =  0.598·y(t-1) - 0.695·ε(t-1) + ε(t),102.07430486106607,101.98714437834153,101.93500159715909,101.90380776315943
Saint Lucia,24.2082,y(t) = 194.719 + 1.642·y(t-1) - 0.672·y(t-2) - 0.856·ε(t-1) + 0.364·ε(t-2) + ε(t),88.28179859319808,92.58864189348535,98.50585800969759,105.32982978868128
Saint Vincent and the Grenadines,12.2132,y(t) = - 0.186·y(t-1) - 0.180·ε(t-1) + ε(t),86.49773160726326,86.4795190017469,86.48291298051163,86.48228050143854
Samoa,7.4785,y(t) = 101.871 + 0.839·y(t-1) + 0.063·ε(t-1) + ε(t),86.39555848444574,88.89322268183071,90.98777895951636,92.74428650163739
Sao Tome and Principe,6.6358,y(t) = 93.253 + 0.950·y(t-1) - 0.134·ε(t-1) + ε(t),113.89896210951818,112.87296850632572,111.8979603953082,110.97140411504294
Saudi Arabia,6.1714,y(t) =  0.905·y(t-1) - 0.738·ε(t-1) + ε(t),175.97132857758007,179.27543805693858,182.2653468585239,184.9709335521988
Senegal,12.9450,y(t) = - 0.199·y(t-1) + 0.021·ε(t-1) + ε(t),181.5577338592804,181.7336373316783,181.69856624578532,181.70555860954565
Serbia,6.8538,y(t) = 100.080 + 0.618·y(t-1) - 0.558·ε(t-1) + ε(t),100.52121030061313,100.35290909124939,100.24887973793341,100.18457772612818
Seychelles,26.2924,y(t) =  0.766·y(t-1) - 0.939·ε(t-1) + ε(t),138.7228875396928,136.66402959848506,135.08653848685898,133.87786927396542
Sierra Leone,7.0957,y(t) =  0.308·y(t-1) - 0.416·y(t-2) + 0.198·y(t-3) - 0.296·y(t-4) - 0.266·ε(t-1) + 0.335·ε(t-2) + 0.643·ε(t-3) - 0.422·ε(t-4) + ε(t),128.6520636401703,96.92511187627382,89.18832839307129,105.51719132501819
Singapore,47.8441,y(t) =  0.833·y(t-1) - 0.517·ε(t-1) + ε(t),129.83538270893357,130.05636215681974,130.2403678012881,130.3935860191816
Slovakia,26.1098,y(t) = - 1.195·y(t-1) - 0.527·y(t-2) + 0.729·ε(t-1) - 0.035·ε(t-2) + ε(t),91.69295734742298,93.1615615012261,94.72055750203629,92.0826885967784
Slovenia,5.7947,y(t) = 103.174 + 0.661·y(t-1) + 0.086·ε(t-1) + ε(t),97.6413960105289,99.51774919862136,100.75773090046563,101.57716864313907
Solomon Islands,8.7497,y(t) =  0.145·y(t-1) + 0.025·ε(t-1) + ε(t),100.3439199563253,100.35605144047335,100.35780517002803,100.35805868949139
Somalia,7.4243,y(t) =  0.148·y(t-1) + 0.221·ε(t-1) + ε(t),99.8305003785685,99.83648498492703,99.8373693103218,99.83749998414679
South Africa,5.8417,y(t) = - 0.063·y(t-1) - 0.213·ε(t-1) + ε(t),114.04509539566595,114.04162736119203,114.04184566007103,114.04183191903098
South Sudan,4.6684,y(t) = 104.865 + 0.920·y(t-1) - 0.110·ε(t-1) + ε(t),114.42827469652036,113.66320866954186,112.95934727410854,112.31179419174526
Spain,7.7022,y(t) = - 0.221·y(t-1) - 0.215·ε(t-1) + ε(t),98.91076842360536,98.27356591655713,98.41450992012976,98.3833342547434
Sri Lanka,6.0600,y(t) = - 0.263·y(t-1) - 0.004·ε(t-1) + ε(t),99.90088862095753,100.05047142913303,100.01115572165357,100.02148929456521
Sudan,9.6112,y(t) = 101.522 + 0.804·y(t-1) - 0.237·ε(t-1) + ε(t),105.64858769766462,104.83787361993569,104.18643442923472,103.66297858846538
Suriname,5.9782,y(t) =  0.980·y(t-1) - 0.200·y(t-2) - 1.232·ε(t-1) + 0.703·ε(t-2) + ε(t),63.25796624150074,57.65743147644893,53.56267258817534,50.67408877939662
Sweden,4.9645,y(t) = 97.682 + 0.828·y(t-1) - 0.451·ε(t-1) + ε(t),96.1341351066027,96.40008223743554,96.62032332244834,96.80271346659359
Switzerland,10.5392,y(t) = - 0.344·y(t-1) - 0.227·ε(t-1) + ε(t),95.99781158563272,95.66825375278653,95.78164595519816,95.74263067385371
Syrian Arab Republic,10.2034,y(t) = - 0.460·y(t-1) - 0.010·ε(t-1) + ε(t),104.9799997054781,108.36393595890551,106.80809029191778,107.52342756726767
Tajikistan,7.7121,y(t) = - 0.107·y(t-1) + 0.650·y(t-2) - 0.367·ε(t-1) - 0.632·ε(t-2) + ε(t),148.8196582016458,150.28444554606938,150.6973985339337,153.03252313227503
Thailand,4.2158,y(t) = - 0.875·y(t-1) + 0.967·ε(t-1) + ε(t),101.9924290734512,101.83280282522432,101.97247650026388,101.85026141524021
Timor-Leste,9.0980,y(t) =  0.762·y(t-1) - 0.841·ε(t-1) + ε(t),101.22345786659464,100.974591995815,100.78492513416678,100.64037530780935
Togo,4.9808,y(t) = - 0.935·y(t-1) - 0.407·y(t-2) - 0.163·ε(t-1) - 0.622·ε(t-2) + ε(t),133.98453707556212,137.95555044275196,140.81950796691885,144.33351725955177
Tokelau,8.5195,y(t) =  0.341·y(t-1) - 0.622·ε(t-1) + ε(t),109.02945922013477,108.91672348377438,108.87827332262361,108.86515933640904
Tonga,18.2930,y(t) =  0.887·y(t-1) - 0.959·ε(t-1) + ε(t),96.49424078909426,97.14558260705081,97.72338510742986,98.23595119829086
Trinidad and Tobago,17.4907,y(t) =  0.216·y(t-1) - 0.515·ε(t-1) + ε(t),92.35117871964232,92.54818714620686,92.59078287336855,92.59999261126694
Tunisia,9.3325,y(t) = - 0.158·y(t-1) - 0.464·ε(t-1) + ε(t),107.74433360855993,107.32934244856084,107.39496583665283,107.3845886781016
Turkmenistan,6.9479,y(t) = - 0.007·y(t-1) + 0.570·ε(t-1) + ε(t),117.8466405897786,117.83771811064874,117.8377819707817,117.83778151372078
Tuvalu,14.8458,y(t) =  0.359·y(t-1) - 0.790·ε(t-1) + ε(t),110.53413320668494,109.90811678673633,109.68364573342008,109.60315702390501
Türkiye,4.3275,y(t) =  0.996·y(t-1) - 0.939·ε(t-1) + ε(t),129.8244649720287,132.04026238610626,134.24742601510022,136.4459895002832
Uganda,7.8433,y(t) =  1.000·y(t-1) - 0.999·ε(t-1) + ε(t),144.84760440926777,146.2052014506683,147.56279112424158,148.9203734300276
Ukraine,15.8834,y(t) = - 0.494·y(t-1) - 0.004·ε(t-1) + ε(t),91.21850376786155,92.93697699142038,92.08873530934487,92.50742903197398
United Arab Emirates,14.0824,y(t) =  0.524·y(t-1) - 0.607·ε(t-1) + ε(t),122.8455263538892,122.72783799142907,122.66613564508009,122.63378597629904
United Kingdom of Great Britain and Northern Ireland,9.4926,y(t) = - 2.118·y(t-1) - 1.657·y(t-2) - 0.453·y(t-3) + 0.892·ε(t-1) - 0.705·ε(t-2) - 0.919·ε(t-3) + ε(t),99.631831037556,101.06834473866519,99.12488467710904,101.58000052059442
United Republic of Tanzania,3.4490,y(t) =  0.986·y(t-1) - 0.894·ε(t-1) + ε(t),116.53914195970697,118.79654149344476,121.02263875810368,123.21786780713099
United States of America,6.1276,y(t) = - 0.347·y(t-1) - 0.044·ε(t-1) + ε(t),103.3866709276184,103.82148059362673,103.67063477841316,103.72296677962265
Uruguay,7.1539,y(t) = - 0.667·y(t-1) - 0.178·y(t-2) + 0.388·y(t-3) + 0.369·ε(t-1) + 0.239·ε(t-2) - 0.512·ε(t-3) + ε(t),103.77606731080178,97.21946472921475,98.94428028699167,102.24717739505532
Uzbekistan,7.0997,y(t) = - 0.580·y(t-1) - 0.426·y(t-2) - 0.079·ε(t-1) + 0.190·ε(t-2) + ε(t),121.93848913318303,125.7951214063409,129.09557240799478,132.612838469794
Vanuatu,12.1191,y(t) =  0.641·y(t-1) - 0.769·ε(t-1) + ε(t),145.15633081280626,141.03696534080268,138.39530192423618,136.70125810757241
Venezuela (Bolivarian Republic of),4.5011,y(t) =  1.000·y(t-1) - 0.999·ε(t-1) + ε(t),101.30696240041979,102.61391767318912,103.92086581834685,105.22780683593187
Viet Nam,2.2196,y(t) = - 1.687·y(t-1) - 1.245·y(t-2) - 0.462·y(t-3) + 0.824·ε(t-1) - 0.316·ε(t-2) - 0.357·ε(t-3) + ε(t),121.01521650437321,122.85540058324361,125.79236924062882,128.91591087341016
Yemen,4.6359,y(t) = - 1.234·y(t-1) - 0.195·y(t-2) + 0.394·y(t-3) + 0.607·ε(t-1) - 0.702·ε(t-2) - 0.904·ε(t-3) + ε(t),110.00756278217715,109.20493137088896,111.11315801312205,110.68576733486648
Zambia,6.2931,y(t) = - 0.417·y(t-1) - 0.599·y(t-2) - 0.486·ε(t-1) - 0.229·ε(t-2) + ε(t),149.14852547461467,143.16418143680275,149.95700656947227,160.82600771138067
Zimbabwe,7.3423,y(t) = - 0.714·y(t-1) + 1.000·ε(t-1) + ε(t),139.63811964340357,137.91935465400164,139.14610146323346,138.27052641763976
